<?xml version="1.0" encoding="UTF-8" standalone="yes"?>
<addon id="repository.MxEnMx" name="Max Entertainment" version="1.0" provider-name="MxEnMx">
	<extension point="xbmc.addon.repository" name="Max Entertainment">
		<dir>
		<info compressed="false">https://raw.githubusercontent.com/MaxEntMexico/MxEnMxRepo/master/zips/addons.xml</info>
		<checksum>https://raw.githubusercontent.com/MaxEntMexico/MxEnMxRepo/master/zips/addons.xml.md5</checksum>
		<datadir zip="true">https://raw.githubusercontent.com/MaxEntMexico/MxEnMxRepo/master/zips/</datadir>
		</dir>
		<dir>
			<info>https://github.com/alfa-addon/alfa-repo/raw/master/addons.xml</info>
			<checksum>https://github.com/alfa-addon/alfa-repo/raw/master/addons.xml.md5</checksum>
			<datadir zip="true">https://github.com/alfa-addon/alfa-repo/raw/master</datadir>
		</dir>
		<dir>
			<info compressed="false">https://raw.githubusercontent.com/DS9Repo/repo/master/addons.xml</info>
			<checksum>https://raw.githubusercontent.com/DS9Repo/repo/master/addons.xml.md5</checksum>
			<datadir zip="true">https://raw.githubusercontent.com/DS9Repo/repo/master/plugins/</datadir>
		</dir>
		<dir>
			<info>https://balandro.tk/repo/addons.xml</info>
			<checksum>https://balandro.tk/repo/addons.xml.md5</checksum>
			<datadir zip="true">https://balandro.tk/repo</datadir>
		</dir>
		<dir>
			<info>https://github.com/alfa-addon/alfa-repo/raw/master/addons.xml</info>
			<checksum>https://github.com/alfa-addon/alfa-repo/raw/master/addons.xml.md5</checksum>
			<datadir zip="true">https://github.com/alfa-addon/alfa-repo/raw/master</datadir>
		</dir>
		<dir>
			<info compressed="false">https://raw.githubusercontent.com/jsergio123/zips/master/addons.xml</info>
			<checksum>https://raw.githubusercontent.com/jsergio123/zips/master/addons.xml.md5</checksum>
			<datadir zip="true">https://raw.githubusercontent.com/jsergio123/zips/master/</datadir>
		</dir>
      	<dir>
            <info compressed="false">https://raw.githubusercontent.com/teamuniversal/scrapers/master/_modules4all/zips/addons.xml</info>
            <checksum>https://raw.githubusercontent.com/teamuniversal/scrapers/master/_modules4all/zips/addons.xml.md5</checksum>
            <datadir zip="true">https://raw.githubusercontent.com/teamuniversal/scrapers/master/_modules4all/zips/</datadir>
        </dir>
		<dir>
			<info compressed="false">https://raw.githubusercontent.com/totalrevolution/python-koding/master/zips/addons.xml</info>
            <checksum>https://raw.githubusercontent.com/totalrevolution/python-koding/master/zips/addons.xml.md5</checksum>
            <datadir zip="true">https://raw.githubusercontent.com/totalrevolution/python-koding/master/zips/</datadir>
		</dir>
	</extension>
	<extension point="xbmc.addon.metadata">
		<summary lang="en"></summary>
		<description lang="en"></description>
		<genre></genre>
	</extension>
</addon>